{
  "id": "mgt2e-animals",
  "title": "Mongoose Traveller 2e Animals",
  "description": "Animals for Mongoose Traveller",
  "authors": [
    {
      "name": "Samuel Penn"
    }
  ],
  "version": "0.0.2",
  "compatibility": {
    "minimum": 12,
    "verified": 12,
    "maximum": 12
  },
  "esmodules": [
    "animals.mjs"
  ],
  "styles": [
    "animals.css"
  ],
  "url": "",
  "download": "",
  "manifest": "",
  "languages": [
    {
      "lang": "en",
      "name": "English",
      "path": "en.json"
    }
  ],
  "packs": [
    {
      "name": "mgt2e-animals",
      "label": "MgT2e Animals",
      "path": "packs/animals",
      "type": "Actor",
      "module": "mgt2e-animals",
      "system": "mgt2e"
    }
  ]
}
